<?xml version="1.0" encoding="UTF-8" ?>
<!DOCTYPE mapper
  PUBLIC "-//mybatis.org//DTD Mapper 3.0//EN"
  "https://mybatis.org/dtd/mybatis-3-mapper.dtd">
<mapper namespace="com.ssafy.back.model.dao.BoardDao">
	<!-- 전체 게시글 조회 및 검색기능 -->
	<select id="search" resultType="Board"
		parameterType="SearchCondition">
		SELECT * FROM board
		<!-- 검색 조건 -->
		<if test="key != 'none'">
			WHERE ${key} LIKE concat('%',#{word},'%')
		</if>
		<!-- 정렬 조건 -->
		<if test="orderBy != 'none'">
			ORDER BY ${orderBy} ${orderByDir}
		</if>
	</select>

	<!-- 상세 게시글 조회 -->
	<select id="selectOne" resultType="Board" parameterType="int">
		SELECT *
		FROM board
		WHERE id = #{id};
	</select>

	<!-- 게시글 등록 -->
	<insert id="insertBoard" parameterType="Board" keyProperty="id"
		useGeneratedKeys="true">
		INSERT INTO board (title, writer, content)
		VALUES
		(#{title}, #{writer}, #{content});
	</insert>

	<!-- 게시글 삭제 -->
	<delete id="deleteBoard" parameterType="int">
		DELETE FROM board
		WHERE id
		= #{id};
	</delete>

	<!-- 조회수 증가 -->
	<update id="updateViewCnt" parameterType="int">
		UPDATE board
		SET
		view_cnt = view_cnt+1
		WHERE id = #{id};
	</update>

	<!-- 게시글 수정 -->
	<update id="updateBoard" parameterType="Board">
		UPDATE board
		SET title =
		#{title}, content = #{content}
		WHERE id = #{id};
	</update>
</mapper>